,,,,DS1,,,DS2,,,DS3,,,DS4,,
,group name,unit,~delta total,deltaC,maxQ,minQ,deltaC,maxQ,minQ,deltaC,maxQ,minQ,deltaC,maxQ,minQ
B.10.31.001,Shear tab gravity conn.,Each,"40,000",,,,6360,20,5,4539.5,20,5,4452,20,5
B.10.31.011a,Column Base plates,Each,,,,,9755,20,5,9177,20,5,10717,20,5
B.10.31.011b,,Each,,,,,10155,20,5,9877,20,5,12117,20,5
B.10.31.011c,,Each,"100,000",,,,10755,20,5,10927,20,5,13867,20,5
B.10.31.021a,Column splices,Each,,,,,4670,20,5,3969,20,5,,,
B.10.31.021b,,Each,,,,,5070,20,5,4669,20,5,,,
B.10.31.021c,,Each,"55,000",,,,5670,20,5,5719,20,5,,,
B.10.33.001a,SCBF 1,Each,"70,000",18189.2,20,5,13775.2,20,5,14370.2,20,5,14370.2,20,5
B.10.33.001b,,Each,,18189.2,20,5,16283.7,20,5,17508.7,20,5,17508.7,20,5
B.10.33.001c,,Each,,18189.2,20,5,19397.4,20,5,21322.4,20,5,21322.4,20,5
B.10.33.002a,,Each,,17810.4,20,5,13622.4,20,5,13709.9,20,5,13709.9,20,5
B.10.33.002b,,Each,,17810.4,20,5,15005.5,20,5,16055.5,20,5,16055.5,20,5
B.10.33.002c,,Each,,17810.4,20,5,16931.1,20,5,18856.1,20,5,18856.1,20,5
B.10.33.003a,,Each,,18610.8,20,5,14987.8,20,5,15337.8,20,5,15337.8,20,5
B.10.33.003b,,Each,,18610.8,20,5,18541.5,20,5,19591.5,20,5,19591.5,20,5
B.10.33.003c,,Each,,18610.8,20,5,22917.7,20,5,24842.7,20,5,24842.7,20,5
B.10.33.011a,,Each,,17814.2,20,5,14008,20,5,14603,20,5,14603,20,5
B.10.33.011b,,Each,,17814.2,20,5,17124.4,20,5,18349.4,20,5,18349.4,20,5
B.10.33.011c,,Each,,14251.4,20,5,24032.5,20,5,26032.5,20,5,26032.5,20,5
B.10.33.012a,,Each,,13948.3,20,5,15452.7,20,5,15852.7,20,5,15852.7,20,5
B.10.33.012b,,Each,,13948.3,20,5,17605.5,20,5,19005.5,20,5,19005.5,20,5
B.10.33.012c,,Each,,13948.3,20,5,20486.7,20,5,22686.7,20,5,22686.7,20,5
B.10.33.013a,,Each,,14588.7,20,5,17197.3,20,5,17797.3,20,5,17797.3,20,5
B.10.33.013b,,Each,,14588.7,20,5,22183.1,20,5,23583.1,20,5,23583.1,20,5
B.10.33.013c,,Each,,14588.7,20,5,28265.2,20,5,30465.2,20,5,30465.2,20,5
B.10.33.021a,,Each,,14431.4,20,5,16189.1,20,5,16869.1,20,5,16869.1,20,5
B.10.33.021b,,Each,,14431.4,20,5,19930.7,20,5,21330.7,20,5,21330.7,20,5
B.10.33.021c,,Each,,14431.4,20,5,24392.5,20,5,26392.5,20,5,26392.5,20,5
B.10.33.022a,,Each,,14128.3,20,5,15632.7,20,5,15972.7,20,5,15972.7,20,5
B.10.33.022b,,Each,,14128.3,20,5,17845.5,20,5,19245.5,20,5,19245.5,20,5
B.10.33.022c,,Each,,14128.3,20,5,20726.7,20,5,22926.7,20,5,22926.7,20,5
B.10.33.023a,,Each,,14768.7,20,5,17497.3,20,5,18097.3,20,5,18097.3,20,5
B.10.33.023b,,Each,,14768.7,20,5,22783.1,20,5,24183.1,20,5,24183.1,20,5
B.10.33.023c,,Each,,7384.3,10,3,14432.6,10,3,15532.6,10,3,15532.6,10,3
B.10.33.031a,SCBF 2,Each,,7215.7,10,3,8094.5,10,3,8434.5,10,3,,,
B.10.33.031b,,Each,,7215.7,10,3,9965.3,10,3,10665.3,10,3,,,
B.10.33.031c,,Each,,7215.7,10,3,12196.3,10,3,13196.3,10,3,,,
B.10.33.032a,,Each,,7064.2,10,3,7816.3,10,3,7986.3,10,3,,,
B.10.33.032b,,Each,,7064.2,10,3,8922.8,10,3,9622.8,10,3,,,
B.10.33.032c,,Each,,7064.2,10,3,10363.3,10,3,11463.3,10,3,,,
B.10.33.033a,,Each,,7384.3,10,3,8748.6,10,3,9048.6,10,3,9048.6,10,3
B.10.33.033b,,Each,,7384.3,10,3,11391.5,10,3,12091.5,10,3,12091.5,10,3
B.10.33.033c,,Each,,22152.9,20,5,43297.9,20,5,46597.7,20,5,46597.7,20,5
B.10.33.041a,SCBF w double angle,Each,,21647.1,20,5,24708.2,20,5,25728.2,20,5,,,
B.10.33.041b,,Each,,21647.1,20,5,30886.5,20,5,32986.5,20,5,,,
B.10.33.041c,,Each,,14431.4,15,5,25524.7,15,5,27524.7,15,5,,,
B.10.33.042a,"SCBF w double angle 
Single diagonal",Each,,14128.3,15,5,15824.7,15,5,16164.7,15,5,,,
B.10.33.042b,,Each,,14128.3,15,5,18293.7,15,5,19693.7,15,5,,,
B.10.33.042c,,Each,,14128.3,7,3,21495,7,3,23695,7,3,,,
B.10.33.043a,"SCBF double angle 
with X brace",Each,,14768.7,7,3,17881.5,7,3,18481.5,7,3,,,
B.10.33.043b,,Each,,14768.7,7,3,23679.5,7,3,25079.5,7,3,,,
B.10.33.043c,,Each,,14768.7,7,3,30402,7,3,32601.8,7,3,,,
B.10.33.051a,OCBF,Each,,14251.4,7,3,16009.2,7,3,16689.2,7,3,,,
B.10.33.051b,,Each,,14251.4,7,3,19570.7,7,3,20970.7,7,3,,,
B.10.33.051c,,Each,,14251.4,7,3,24032.5,7,3,26032.5,7,3,,,
B.10.33.052a,,Each,,13948.3,7,3,15452.7,7,3,15852.7,7,3,,,
B.10.33.052b,,Each,,13948.3,7,3,17605.5,7,3,19005.5,7,3,,,
B.10.33.052c,,Each,,13948.3,7,3,20486.6,7,3,22686.6,7,3,,,
B.10.33.053a,,Each,,14588.7,7,3,17197.3,7,3,17797.3,7,3,,,
B.10.33.053b,,Each,,14588.7,7,3,22183.1,7,3,23583.1,7,3,,,
B.10.33.053c,,Each,,14588.7,7,3,28265.2,7,3,30465.2,7,3,,,
B.10.33.061a,,Each,,14431.4,7,3,16189.2,7,3,16869.2,7,3,,,
B.10.33.061b,,Each,,14431.4,7,3,19930.7,7,3,21330.7,7,3,,,
B.10.33.061c,,Each,,14431.4,7,3,24392.5,7,3,26392.5,7,3,,,
B.10.33.062a,,Each,,14128.3,7,3,15632.7,7,3,15972.7,7,3,,,
B.10.33.062b,,Each,,14128.3,7,3,17845.5,7,3,19245.5,7,3,,,
B.10.33.062c,,Each,,14128.3,7,3,20726.6,7,3,22926.6,7,3,,,
B.10.33.063a,,Each,,14768.7,7,3,17497.3,7,3,18097.3,7,3,,,
B.10.33.063b,,Each,,14768.7,7,3,22783.1,7,3,24183.1,7,3,,,
B.10.33.063c,,Each,,14768.7,7,3,28865.2,7,3,31065.2,7,3,,,
B.10.33.071a,"Braced frame
no seismic detailing",Each,,16189.2,7,3,,,,,,,,,
B.10.33.071b,,Each,,19930.7,7,3,,,,,,,,,
B.10.33.071c,,Each,,24392.5,7,3,,,,,,,,,
B.10.33.072a,,Each,,15632.7,7,3,,,,,,,,,
B.10.33.072b,,Each,,17845.5,7,3,,,,,,,,,
B.10.33.072c,,Each,,20726.6,7,3,,,,,,,,,
B.10.33.073a,,Each,,17497.3,7,3,,,,,,,,,
B.10.33.073b,,Each,,22783.1,7,3,,,,,,,,,
B.10.33.073c,,Each,,28865.2,7,3,,,,,,,,,
B.10.33.101a,BRB,Each,"100,000",22155.3,20,5,,,,,,,,,
B.10.33.101b,,Each,,29040.7,20,5,,,,,,,,,
B.10.33.101c,,Each,,37616.1,20,5,,,,,,,,,
B.10.33.111a,,Each,,20766.5,20,5,,,,,,,,,
B.10.33.111b,,Each,,25358.3,20,5,,,,,,,,,
B.10.33.111c,,Each,,30910.6,20,5,,,,,,,,,
B.10.35.001,Post-Northridge BC joint,Each,"45,000",6960,7,3,11720,7,3,11720,7,3,,,
B.10.35.002,,Each,always max?,7360,7,3,12960,7,3,12960,7,3,,,
B.10.35.011,,Each,,12000,7,3,20920,7,3,20920,7,3,,,
B.10.35.012,,Each,,12800,7,3,23400,7,3,23400,7,3,,,
B.10.35.021,,Each,,6960,7,3,11720,7,3,11720,7,3,,,
B.10.35.022,,Each,,7360,7,3,12960,7,3,12960,7,3,,,
B.10.35.031,,Each,,14000,7,3,20920,7,3,20920,7,3,,,
B.10.35.032,,Each,,14000,7,3,23400,7,3,23400,7,3,,,
B.10.35.041,Pre-Northridge BC joint,Each,"35,000?",4824,30,5,5424,30,5,5824,30,5,7040,30,5
B.10.35.042,,Each,always max?,5024,30,5,5824,30,5,5824,30,5,7040,30,5
B.10.35.051,,Each,,7032,30,5,7632,30,5,7552,30,5,9648,30,5
B.10.35.052,,Each,,7032,30,5,7632,30,5,9568,30,5,9648,30,5
B.10.35.061a,EBF Shear Link,Each,"70,000",33040,5,2,35440,5,2,45320,5,2,,,
B.10.35.061b,,Each,,33040,5,2,36640,5,2,50120,5,2,,,
B.10.35.062a,,Each,,33040,5,2,35440,5,2,50240,5,2,,,
B.10.35.062b,,Each,,33040,5,2,36640,5,2,56240,5,2,,,
B.10.41.001a,Concrete MF BC,Each,"60,000",8568,20,5,12992.8,20,5,15992.8,20,5,12992.8,20,5
B.10.41.001b,,Each,,8568,20,5,12992.8,20,5,15992.8,20,5,12992.8,20,5
B.10.41.002a,,Each,,8568,20,5,13792.8,20,5,16392.8,20,5,13792.8,20,5
B.10.41.002b,,Each,,8568,20,5,13792.8,20,5,16392.8,20,5,13792.8,20,5
B.10.41.003a,,Each,,8568,20,5,13792.8,20,5,16392.8,20,5,13792.8,20,5
B.10.41.003b,,Each,,8568,20,5,13792.8,20,5,16392.8,20,5,13792.8,20,5
B.10.41.011a,,Each,,8568,20,5,12992.8,20,5,15992.8,20,5,12992.8,20,5
B.10.41.011b,,Each,,8568,20,5,12992.8,20,5,15992.8,20,5,12992.8,20,5
B.10.41.012a,,Each,,8568,20,5,13792.8,20,5,16392.8,20,5,13792.8,20,5
B.10.41.012b,,Each,,8568,20,5,13792.8,20,5,16392.8,20,5,13792.8,20,5
B.10.41.013a,,Each,,8568,20,5,13792.8,20,5,16392.8,20,5,13792.8,20,5
B.10.41.013b,,Each,,8568,20,5,13792.8,20,5,16392.8,20,5,13792.8,20,5
B.10.41.021a,,Each,,8568,20,5,12992.8,20,5,15992.8,20,5,12992.8,20,5
B.10.41.021b,,Each,,8568,20,5,12992.8,20,5,15992.8,20,5,12992.8,20,5
B.10.41.022a,,Each,,8568,20,5,13792.8,20,5,16392.8,20,5,13792.8,20,5
B.10.41.022b,,Each,,8568,20,5,13792.8,20,5,16392.8,20,5,13792.8,20,5
B.10.41.023a,,Each,,8568,20,5,13792.8,20,5,16392.8,20,5,13792.8,20,5
B.10.41.023b,,Each,,8568,20,5,13792.8,20,5,16392.8,20,5,13792.8,20,5
B.10.41.031a,,Each,,8568,20,5,12992.8,20,5,15992.8,20,5,,,
B.10.41.031b,,Each,,8568,20,5,12992.8,20,5,15992.8,20,5,,,
B.10.41.032a,,Each,,8568,20,5,13792.8,20,5,16392.8,20,5,,,
B.10.41.032b,,Each,,8568,20,5,13792.8,20,5,16392.8,20,5,,,
B.10.41.033a,,Each,,8568,20,5,13792.8,20,5,16392.8,20,5,,,
B.10.41.033b,,Each,,8568,20,5,13792.8,20,5,16392.8,20,5,,,
B.10.41.041a,,Each,,8568,20,5,12992.8,20,5,15992.8,20,5,,,
B.10.41.041b,,Each,,8568,20,5,12992.8,20,5,15992.8,20,5,,,
B.10.41.042a,,Each,,8568,20,5,13792.8,20,5,16392.8,20,5,,,
B.10.41.042b,,Each,,8568,20,5,13792.8,20,5,16392.8,20,5,,,
B.10.41.043a,,Each,,8568,20,5,13792.8,20,5,16392.8,20,5,,,
B.10.41.043b,,Each,,8568,20,5,13792.8,20,5,16392.8,20,5,,,
B.10.41.051a,,Each,,8568,20,5,12992.8,20,5,15992.8,20,5,,,
B.10.41.051b,,Each,,8568,20,5,12992.8,20,5,15992.8,20,5,,,
B.10.41.052a,,Each,,8568,20,5,13792.8,20,5,16392.8,20,5,,,
B.10.41.052b,,Each,,8568,20,5,13792.8,20,5,16392.8,20,5,,,
B.10.41.053a,,Each,,8568,20,5,13792.8,20,5,16392.8,20,5,,,
B.10.41.053b,,Each,,8568,20,5,13792.8,20,5,16392.8,20,5,,,
B.10.41.061a,,Each,,8568,20,5,12992.8,20,5,15992.8,20,5,,,
B.10.41.061b,,Each,,8568,20,5,12992.8,20,5,15992.8,20,5,,,
B.10.41.062a,,Each,,8568,20,5,13792.8,20,5,16392.8,20,5,,,
B.10.41.062b,,Each,,8568,20,5,13792.8,20,5,16392.8,20,5,,,
B.10.41.063a,,Each,,8568,20,5,13792.8,20,5,16392.8,20,5,,,
B.10.41.063b,,Each,,8568,20,5,13792.8,20,5,16392.8,20,5,,,
B.10.41.071a,,Each,,8568,20,5,12992.8,20,5,,,,,,
B.10.41.071b,,Each,,8568,20,5,12992.8,20,5,,,,,,
B.10.41.072a,,Each,,8568,20,5,13792.8,20,5,,,,,,
B.10.41.072b,,Each,,8568,20,5,13792.8,20,5,,,,,,
B.10.41.073a,,Each,,8568,20,5,13792.8,20,5,,,,,,
B.10.41.073b,,Each,,8568,20,5,13792.8,20,5,,,,,,
B.10.41.081a,,Each,,8568,20,5,12992.8,20,5,15992.8,20,5,,,
B.10.41.081b,,Each,,8568,20,5,12992.8,20,5,15992.8,20,5,,,
B.10.41.082a,,Each,,8568,20,5,13792.8,20,5,16392.8,20,5,,,
B.10.41.082b,,Each,,8568,20,5,13792.8,20,5,16392.8,20,5,,,
B.10.41.083a,,Each,,8568,20,5,13792.8,20,5,16392.8,20,5,,,
B.10.41.083b,,Each,,8568,20,5,13792.8,20,5,16392.8,20,5,,,
B.10.41.091a,,Each,,8568,20,5,12992.8,20,5,15992.8,20,5,,,
B.10.41.091b,,Each,,8568,20,5,12992.8,20,5,15992.8,20,5,,,
B.10.41.092a,,Each,,8568,20,5,13792.8,20,5,16392.8,20,5,,,
B.10.41.092b,,Each,,8568,20,5,13792.8,20,5,16392.8,20,5,,,
B.10.41.093a,,Each,,8568,20,5,13792.8,20,5,16392.8,20,5,,,
B.10.41.093b,,Each,,8568,20,5,13792.8,20,5,16392.8,20,5,,,
B.10.41.101a,,Each,,8568,20,5,12992.8,20,5,15992.8,20,5,,,
B.10.41.101b,,Each,,8568,20,5,12992.8,20,5,15992.8,20,5,,,
B.10.41.102a,,Each,,8568,20,5,13792.8,20,5,16392.8,20,5,,,
B.10.41.102b,,Each,,8568,20,5,13792.8,20,5,16392.8,20,5,,,
B.10.41.103a,,Each,,8568,20,5,13792.8,20,5,16392.8,20,5,,,
B.10.41.103b,,Each,,8568,20,5,13792.8,20,5,16392.8,20,5,,,
B.10.41.111a,,Each,,8568,20,5,12992.8,20,5,15992.8,20,5,,,
B.10.41.111b,,Each,,8568,20,5,12992.8,20,5,15992.8,20,5,,,
B.10.41.112a,,Each,,8568,20,5,13792.8,20,5,16392.8,20,5,,,
B.10.41.112b,,Each,,8568,20,5,13792.8,20,5,16392.8,20,5,,,
B.10.41.113a,,Each,,8568,20,5,13792.8,20,5,16392.8,20,5,,,
B.10.41.113b,,Each,,8568,20,5,13792.8,20,5,16392.8,20,5,,,
B.10.41.121a,,Each,,8568,20,5,16192.8,20,5,,,,,,
B.10.41.121b,,Each,,8568,20,5,16192.8,20,5,,,,,,
B.10.41.122a,,Each,,8568,20,5,16592.8,20,5,,,,,,
B.10.41.122b,,Each,,8568,20,5,16592.8,20,5,,,,,,
B.10.41.123a,,Each,,8568,20,5,16592.8,20,5,,,,,,
B.10.41.123b,,Each,,8568,20,5,16592.8,20,5,,,,,,
B.10.41.131a,,Each,,8568,20,5,16192.8,20,5,,,,,,
B.10.41.131b,,Each,,8568,20,5,16192.8,20,5,,,,,,
B.10.41.132a,,Each,,8568,20,5,16592.8,20,5,,,,,,
B.10.41.132b,,Each,,8568,20,5,16592.8,20,5,,,,,,
B.10.41.133a,,Each,,8568,20,5,16592.8,20,5,,,,,,
B.10.41.133b,,Each,,8568,20,5,16592.8,20,5,,,,,,
B.10.42.001a,Concrete link beam,Each,"20,000",5162.4,20,5,11376,20,5,17756,20,5,,,
B.10.42.001b,,Each,?,4231.2,20,5,11136,20,5,16628,20,5,,,
B.10.42.002a,,Each,,5162.4,20,5,11376,20,5,17756,20,5,,,
B.10.42.002b,,Each,,4231.2,20,5,11136,20,5,16628,20,5,,,
B.10.42.011a,,Each,,5162.4,20,5,11776,20,5,18156,20,5,,,
B.10.42.011b,,Each,,4231.2,20,5,11536,20,5,17028,20,5,,,
B.10.42.012a,,Each,,5162.4,20,5,11776,20,5,18156,20,5,,,
B.10.42.012b,,Each,,4231.2,20,5,11536,20,5,17028,20,5,,,
B.10.42.021a,,Each,,5162.4,20,5,11776,20,5,18556,20,5,,,
B.10.42.021b,,Each,,4231.2,20,5,11536,20,5,17428,20,5,,,
B.10.42.022a,,Each,,5162.4,20,5,11776,20,5,18556,20,5,,,
B.10.42.022b,,Each,,4231.2,20,5,11536,20,5,17428,20,5,,,
B.10.44.001,Concrete wall,144 ft^2 Units,?,2073.6,7,3,4892.8,7,3,9166.1,7,3,,,
B.10.44.002,,400 ft^2 Units,,6560,7,3,14864,7,3,24136,7,3,,,
B.10.44.003,,900 ft^2 Units,,13680,7,3,31619.9,7,3,47510,7,3,,,
B.10.44.011,,144 ft^2 Units,,2419.2,7,3,6243.8,7,3,11662.1,7,3,,,
B.10.44.012,,400 ft^2 Units,,7520,7,3,17000,7,3,30288,7,3,,,
B.10.44.013,,900 ft^2 Units,,15840,7,3,36421.9,7,3,58968,7,3,,,
B.10.44.021,,144 ft^2 Units,,3283.2,7,3,7538.7,7,3,14745.6,7,3,,,
B.10.44.022,,400 ft^2 Units,,9920,7,3,20600,7,3,38920,7,3,,,
B.10.44.023,,900 ft^2 Units,,21240,7,3,44518.9,7,3,75558,7,3,,,
B.10.44.031,RC wall,144 ft^2 Units,?,5384.3,7,3,9166.1,7,3,,,,,,
B.10.44.032,,400 ft^2 Units,,14608,7,3,24136,7,3,,,,,,
B.10.44.033,,900 ft^2 Units,,31043.9,7,3,47510,7,3,,,,,,
B.10.44.041,,144 ft^2 Units,,6128.6,7,3,11662.1,7,3,,,,,,
B.10.44.042,,400 ft^2 Units,,16680,7,3,31056,7,3,,,,,,
B.10.44.043,,900 ft^2 Units,,35701.9,7,3,60696,7,3,,,,,,
B.10.44.051,,144 ft^2 Units,,6128.6,7,3,12053.8,7,3,,,,,,
B.10.44.052,,400 ft^2 Units,,20120,7,3,39688,7,3,,,,,,
B.10.44.053,,900 ft^2 Units,,43438.9,7,3,77286,7,3,,,,,,
B.10.44.061,,144 ft^2 Units,,5384.3,7,3,9166.1,7,3,,,,,,
B.10.44.062,,400 ft^2 Units,,14608,7,3,24136,7,3,,,,,,
B.10.44.063,,900 ft^2 Units,,31043.9,7,3,47510,7,3,,,,,,
B.10.44.071,,144 ft^2 Units,,6128.6,7,3,12053.8,7,3,,,,,,
B.10.44.072,,400 ft^2 Units,,16680,7,3,31056,7,3,,,,,,
B.10.44.073,,900 ft^2 Units,,35701.9,7,3,60696,7,3,,,,,,
B.10.44.081,,144 ft^2 Units,,7365.9,7,3,14215.7,7,3,,,,,,
B.10.44.082,,400 ft^2 Units,,20120,7,3,39688,7,3,,,,,,
B.10.44.083,,900 ft^2 Units,,43438.9,7,3,77286,7,3,,,,,,
B.10.44.091,Slender concrete wall,144 ft^2 Units,,2262.4,7,3,8544.6,7,3,16243.2,7,3,,,
B.10.44.092,,144 ft^2 Units,,2102.4,7,3,6848.6,7,3,15688.8,7,3,,,
B.10.44.093,,144 ft^2 Units,,1942.4,7,3,4672.64,7,3,15134.4,7,3,,,
B.10.44.101,,144 ft^2 Units,,3472,7,3,11993.6,7,3,17827.2,7,3,,,
B.10.44.102,,144 ft^2 Units,,3312,7,3,9768,7,3,17272.8,7,3,,,
B.10.44.103,,144 ft^2 Units,,3152,7,3,7542.4,7,3,,,,,,
B.10.44.111,,144 ft^2 Units,,5200,7,3,17280,7,3,21043.2,7,3,,,
B.10.44.112,,144 ft^2 Units,,5040,7,3,14208,7,3,20476.8,7,3,,,
B.10.44.113,,144 ft^2 Units,,4880,7,3,11136,7,3,19934.4,7,3,,,
B.10.49.001a,RC Slab-column connection,Each,"50,000",14492,7,3,19816,7,3,,,,,,
B.10.49.001b,,Each,always max?,14492,7,3,16092,7,3,,,,,,
B.10.49.002a,,Each,,14492,7,3,19816,7,3,,,,,,
B.10.49.002b,,Each,,14492,7,3,16092,7,3,,,,,,
B.10.49.003a,,Each,,14732,7,3,19816,7,3,,,,,,
B.10.49.003b,,Each,,14732,7,3,16332,7,3,,,,,,
B.10.49.011,,Each,,14972,7,3,16572,7,3,,,,,,
B.10.49.012,,Each,,15212,7,3,16812,7,3,,,,,,
B.10.49.021a,,Each,,14252,7,3,19816,7,3,,,,,,
B.10.49.021b,,Each,,14252,7,3,15852,7,3,,,,,,
B.10.49.022a,,Each,,14492,7,3,19816,7,3,,,,,,
B.10.49.022b,,Each,,14492,7,3,16092,7,3,,,,,,
B.10.49.031,,Each,,14572,7,3,16172,7,3,,,,,,
B.10.49.032,,Each,,14812,7,3,16412,7,3,,,,,,
B.10.49.041a,,Each,,14492,7,3,19816,7,3,,,,,,
B.10.49.041b,,Each,,14492,7,3,16092,7,3,,,,,,
B.10.49.042a,,Each,,14732,7,3,19816,7,3,,,,,,
B.10.49.042b,,Each,,14732,7,3,16332,7,3,,,,,,
B.10.51.001,"Ord. reinf. masonry walls
limits change due to block size",100 ft^2 Units,"30,000",1680,30,2,2400,30,2,,,,,,
B.10.51.002,,225 ft^2 Units,,3280,14,1,4950,14,1,,,,,,
B.10.51.003,,100 ft^2 Units,,240,30,2,1680,30,2,2400,30,2,,,
B.10.51.004,,225 ft^2 Units,,540,14,1,3280,14,1,4950,14,1,,,
B.10.51.011,,100 ft^2 Units,,1740,30,2,3053.33,30,2,,,,,,
B.10.51.012,,225 ft^2 Units,,3415,14,1,6320,14,1,,,,,,
B.10.51.013,,100 ft^2 Units,,240,30,2,1740,30,2,3053.33,30,2,,,
B.10.51.014,,225 ft^2 Units,,540,14,1,3415,14,1,6320,14,1,,,
B.10.51.021,,100 ft^2 Units,,2700,30,2,3810,30,2,,,,,,
B.10.51.022,,225 ft^2 Units,,5175,14,1,7841.3,14,1,,,,,,
B.10.51.023,,100 ft^2 Units,,360,30,2,2025,30,2,3810,30,2,,,
B.10.51.024,,225 ft^2 Units,,810,14,1,3881.25,14,1,7841.3,14,1,,,
B.10.52.001,,100 ft^2 Units,,2370,30,2,3525,30,2,,,,,,
B.10.52.002,,225 ft^2 Units,,4582.5,14,1,7312.5,14,1,,,,,,
B.10.52.003,,100 ft^2 Units,,420,30,2,2567.5,30,2,5091.67,30,2,,,
B.10.52.004,,225 ft^2 Units,,945,14,1,4964.33,14,1,10562.5,14,1,,,
B.10.52.011,,100 ft^2 Units,,2870,30,2,5698.33,30,2,,,,,,
B.10.52.012,,225 ft^2 Units,,5582.5,14,1,11765,14,1,,,,,,
B.10.52.013,,100 ft^2 Units,,420,30,2,2665,30,2,5698.33,30,2,,,
B.10.52.014,,225 ft^2 Units,,945,14,1,5183.75,14,1,11765,14,1,,,
B.10.61.001a,Cold formed steel walls,100 ft^2 Units,?,2135,30,2,2275,30,2,2925,30,2,,,
B.10.61.001b,,100 ft^2 Units,,1534.17,30,2,2486.25,30,2,3493.75,30,2,,,
B.10.61.011a,,100 ft^2 Units,,1558.34,6,2,1321.25,6,2,,,,,,
B.10.61.011b,,100 ft^2 Units,,1537.5,8,3,1720.83,8,3,,,,,,
B.10.61.021a,,100 ft^2 Units,,1525,11,4,1452.5,11,4,,,,,,
B.10.61.021b,,100 ft^2 Units,,1154.16,6,2,1671.25,6,2,,,,,,
B.10.71.001,Light-framed wood walls,100 ft^2 Units,always max?,820.84,8,3,749.58,8,3,1881.25,8,3,,,
B.10.71.002,,100 ft^2 Units,,820.84,8,3,749.58,8,3,1881.25,8,3,,,
B.10.71.011,,100 ft^2 Units,,1150,6,2,962.5,6,2,1575,6,2,,,
B.10.71.012,,100 ft^2 Units,,1150,6,2,962.5,6,2,1575,6,2,,,
B.10.71.031,wood walls,100 ft^2 Units,,2370.84,11,4,,,,,,,,,
B.10.71.041,exterior gypsum with wood studs,Each (13'x100' Panel),,3038,10,1,7770,10,1,26320,10,1,,,
B.20.11.001a,Exterior cold formed steel,100 ft^2 Units,,1525,30,6,1225,30,6,1575,30,6,,,
B.20.11.001b,,100 ft^2 Units,,1095.84,30,6,1338.75,30,6,1881.25,30,6,,,
B.20.11.011a,,100 ft^2 Units,,1558.34,6,2,1321.25,6,2,,,,,,
B.20.11.011b,,100 ft^2 Units,,1537.5,8,3,1720.83,8,3,,,,,,
B.20.11.021a,,100 ft^2 Units,,1525,11,4,1452.5,11,4,,,,,,
B.20.11.021b,,100 ft^2 Units,,1154.16,6,2,1671.25,6,2,,,,,,
B.20.11.101,Exterior light framed wood wall,100 ft^2 Units,,1150,8,3,962.5,8,3,1575,8,3,,,
B.20.11.102,,100 ft^2 Units,,820.84,11,4,749.58,11,4,1680,11,4,,,
B.20.11.111,,100 ft^2 Units,,1150,6,2,962.5,6,2,1575,6,2,,,
B.20.11.121,,100 ft^2 Units,,820.84,8,3,749.58,8,3,1881.25,8,3,,,
B.20.11.131,,100 ft^2 Units,,2370.84,11,4,,,,,,,,,
B.20.11.201a,Precast concrete panels,390 ft^2 Units,,6335.5,8,2,31677.5,8,2,,,,,,
B.20.11.201b,,390 ft^2 Units,,31677.5,8,2,,,,,,,,,
B.20.22.001,Curtain walls,Each (5'x6' Panel),,959,100,20,959,100,20,,,,,,
B.20.22.002,,Each (5'x6' Panel),,1379,100,20,1379,100,20,,,,,,
B.20.22.011,,Each (5'x6' Panel),,959,100,20,1379,100,20,689.5,100,20,,,
B.20.22.021,,Each (5'x6' Panel),,1379,100,20,1379,100,20,,,,,,
B.20.22.022,,Each (5'x6' Panel),,959,100,20,959,100,20,,,,,,
B.20.22.023,,Each (5'x6' Panel),,959,100,20,959,100,20,,,,,,
B.20.22.031,,Each (5'x6' Panel),,959,100,20,959,100,20,,,,,,
B.20.22.032,,Each (5'x6' Panel),,959,100,20,959,100,20,,,,,,
B.20.22.033,,Each (5'x6' Panel),,1379,100,20,1379,100,20,,,,,,
B.20.22.034,,Each (5'x6' Panel),,1379,100,20,1379,100,20,,,,,,
B.20.22.035,,Each (4'x8' Panel),,2206.4,63,13,2206.4,63,13,,,,,,
B.20.22.036,,Each (4'x8' Panel),,2206.4,63,13,2206.4,63,13,,,,,,
B.20.22.037,,Each (5'x6' Panel),,1379,100,20,1379,100,20,,,,,,
B.20.22.038,,Each (5'x6' Panel),,1379,100,20,1379,100,20,,,,,,
B.20.22.039,,Each (5'x6' Panel),,1379,100,20,1379,100,20,,,,,,
B.20.22.040,,Each (5'x6' Panel),,1379,100,20,1379,100,20,,,,,,
B.20.22.041,,Each (5'x6' Panel),,1379,100,20,1379,100,20,,,,,,
B.20.22.051,,Each (5'x6' Panel),,1379,100,20,1379,100,20,,,,,,
B.20.22.052,,Each (5'x6' Panel),,1379,100,20,1379,100,20,,,,,,
B.20.22.053,,Each (5'x6' Panel),,1379,100,20,1379,100,20,,,,,,
B.20.22.054,,Each (5'x6' Panel),,1379,100,20,1379,100,20,,,,,,
B.20.22.061,,Each (5'x6' Panel),,1379,100,20,1379,100,20,,,,,,
B.20.22.071,,Each (5'x6' Panel),,959,100,20,1379,100,20,689.5,100,20,,,
B.20.22.072,,Each (5'x6' Panel),,959,100,20,1379,100,20,689.5,100,20,,,
B.20.22.081,,Each (5'x6' Panel),,1379,100,20,1379,100,20,,,,,,
B.20.22.082,,Each (5'x6' Panel),,1379,100,20,1379,100,20,,,,,,
B.20.22.083,,Each (5'x6' Panel),,959,100,20,1379,100,20,689.5,100,20,,,
B.20.22.084,,Each (5'x6' Panel),,959,100,20,1379,100,20,689.5,100,20,,,
B.20.22.091,,Each (5'x6' Panel),,959,100,20,1379,100,20,689.5,100,20,,,
B.20.22.101,,Each (5'x6' Panel),,959,100,20,1379,100,20,689.5,100,20,,,
B.20.22.201,,Each (5'x6' Panel),,959,100,20,1379,100,20,689.5,100,20,,,
B.20.23.001,Storefront,Each (5'x6' Panel),,385,434,44,,,,,,,,,
B.20.23.002,,Each (5'x6' Panel),,385,434,44,,,,,,,,,
B.20.23.011,,Each (5'x6' Panel),,385,434,44,,,,,,,,,
B.20.23.021,,Each (5'x6' Panel),,385,434,44,,,,,,,,,
B.20.23.031,,Each (5'x6' Panel),,959,100,20,959,100,20,,,,,,
B.20.23.032,,Each (5'x6' Panel),,959,100,20,959,100,20,,,,,,
B.20.23.033,,Each (5'x6' Panel),,959,100,20,959,100,20,,,,,,
B.20.23.034,,Each (5'x6' Panel),,959,100,20,959,100,20,,,,,,
B.20.23.041,,Each (5'x6' Panel),,385,434,44,,,,,,,,,
B.20.23.051,,Each (5'x6' Panel),,1379,100,20,1379,100,20,,,,,,
B.20.23.052,,Each (5'x6' Panel),,1379,100,20,1379,100,20,,,,,,
B.20.23.053,,Each (5'x6' Panel),,1379,100,20,1379,100,20,,,,,,
B.20.23.054,,Each (5'x6' Panel),,1379,100,20,1379,100,20,,,,,,
B.20.23.055,,Each (5'x6' Panel),,1379,100,20,1379,100,20,,,,,,
B.20.23.056,,Each (5'x6' Panel),,1379,100,20,1379,100,20,,,,,,
B.20.23.057,,Each (5'x6' Panel),,1379,100,20,1379,100,20,,,,,,
B.20.23.058,,Each (5'x6' Panel),,1379,100,20,1379,100,20,,,,,,
B.30.11.011,Tile roof,100 ft^2 Units,,350,130,13,1036,130,13,,,,,,
B.30.11.012,,100 ft^2 Units,,512.5,50,5,1400,50,5,,,,,,
B.30.11.013,,100 ft^2 Units,,312.5,10,1,721,10,1,,,,,,
B.30.11.014,,100 ft^2 Units,,475,10,1,1085,10,1,,,,,,
B.30.31.001a,Masonry Chimney,Each,,3612.5,5,1,5057.5,5,1,,,,,,
B.30.31.001b,,Each,,5600,5,1,7840,5,1,,,,,,
B.30.31.001c,,Each,,7587.5,5,1,10622.5,5,1,,,,,,
B.30.31.002a,,Each,,4567.5,5,1,4567.5,5,1,,,,,,
B.30.31.002b,,Each,,6860,5,1,6860,5,1,,,,,,
B.30.31.002c,,Each,,9152.5,5,1,9152.5,5,1,,,,,,
B.30.41.001,Masonry Parapet,LF 10,,378,50,10,378,50,10,,,,,,
C.10.11.001a,Wall partition,1300 ft^2,,1249.5,10,1,3185,10,1,3062.5,10,1,,,
C.10.11.001b,,1300 ft^2,,2499,10,1,6370,10,1,12250,10,1,,,
C.10.11.001c,,1300 ft^2,,999.6,10,1,2548,10,1,4900,10,1,,,
C.10.11.001d,,1300 ft^2,,1249.5,10,1,3185,10,1,,,,,,
C.10.11.011a,,1300 ft^2,,3038,10,1,7770,10,1,23730,10,1,,,
C.20.11.001a,Steel stairs,1300 ft^2,,3038,10,1,7770,10,1,23730,10,1,,,
C.20.11.001b,,1300 ft^2,,3038,10,1,7770,10,1,26320,10,1,,,
C.20.11.011a,Concrete stairs,Each,,980,10,5,5180,10,5,32130,10,5,,,
C.20.11.011b,,Each,,980,10,5,5180,10,5,32130,10,5,,,
C.20.11.021a,,Each,,350,10,3,1295,10,3,8732.5,10,3,,,
C.20.11.021b,,Each,,280,10,3,1480,10,3,9980,10,3,,,
C.20.11.021c,,Each,,350,10,3,1295,10,3,8732.5,10,3,,,
C.20.11.021d,,Each,,280,10,3,1480,10,3,9980,10,3,,,
C.20.11.031a,Hybrid stair assembly,Each,,160,10,3,1080,10,3,8380,10,3,,,
C.20.11.031b,,Each,,160,10,3,1080,10,3,8380,10,3,,,
C.30.11.001a,Wall partition + cover,Each (9'x100' Panel),,1080,3,1,,,,,,,,,
C.30.11.001b,,Each (9'x100' Panel),,1080,3,1,,,,,,,,,
C.30.11.001c,,Each (9'x100' Panel),,1080,3,1,,,,,,,,,
C.30.11.001d,,Each (9'x100' Panel),,1080,3,1,,,,,,,,,
C.30.11.002a,,Each (9'x100' Panel),,2880,3,1,11664,3,1,,,,,,
C.30.11.002b,,Each (9'x100' Panel),,2880,3,1,11664,3,1,,,,,,
C.30.11.002c,,Each (9'x100' Panel),,2880,3,1,11664,3,1,,,,,,
C.30.11.002d,,Each (9'x100' Panel),,2880,3,1,11664,3,1,,,,,,
C.30.11.003a,,Each (9'x100' Panel),,25200,3,1,63000,3,1,,,,,,
C.30.11.003b,,Each (9'x100' Panel),,25200,3,1,63000,3,1,,,,,,
C.30.11.003c,,Each (9'x100' Panel),,25200,3,1,63000,3,1,,,,,,
C.30.11.003d,,Each (9'x100' Panel),,25200,3,1,63000,3,1,,,,,,
C.30.21.001a,Floor flooding,Each (1'x1'),,43.456,2000,500,,,,,,,,,
C.30.21.001b,,Each (1'x1'),,74.536,2000,500,,,,,,,,,
C.30.21.001c,,Each (1'x1'),,61.95,2000,500,,,,,,,,,
C.30.21.001d,,Each (1'x1'),,141.12,2000,500,,,,,,,,,
C.30.21.001e,,Each (1'x1'),,54.04,2000,500,,,,,,,,,
C.30.21.001f,,Each (1'x1'),,156.52,2000,500,,,,,,,,,
C.30.21.001g,,Each (1'x1'),,24.304,2000,500,,,,,,,,,
C.30.21.001h,,Each (1'x1'),,64.68,2000,500,,,,,,,,,
C.30.21.001i,,Each (1'x1'),,37.1,2000,500,,,,,,,,,
C.30.21.001j,,Each (1'x1'),,102.76,2000,500,,,,,,,,,
C.30.21.001k,,Each (1'x1'),,41.16,2000,500,,,,,,,,,
C.30.21.001l,,Each (1'x1'),,69.16,2000,500,,,,,,,,,
C.30.21.001m,,Each (1'x1'),,14.07,2000,500,,,,,,,,,
C.30.21.001n,,Each (1'x1'),,33.6,2000,500,,,,,,,,,
C.30.21.001o,,Each (1'x1'),,39.06,2000,500,,,,,,,,,
C.30.21.001p,,Each (1'x1'),,28.08,2000,500,,,,,,,,,
C.30.27.001,Raised access floor,100 ft^2 Units,,46,20,5,,,,,,,,,
C.30.27.002,,100 ft^2 Units,,46,20,5,,,,,,,,,
C.30.32.001a,Suspended Ceiling,250 ft^2 Units,,145,10,1,1135,10,1,2335,10,1,,,
C.30.32.001b,,600 ft^2 Units,,348,10,1,2724,10,1,5604,10,1,,,
C.30.32.001c,,1800 ft^2 Units,,1044,10,1,8172,10,1,16812,10,1,,,
C.30.32.001d,,2500 ft^2 Units,,1450,10,1,11350,10,1,23350,10,1,,,
C.30.32.003a,,250 ft^2 Units,,507.5,10,1,3972.5,10,1,8172.5,10,1,,,
C.30.32.003b,,600 ft^2 Units,,1218,10,1,9534,10,1,19614,10,1,,,
C.30.32.003c,,1800 ft^2 Units,,3654,10,1,28602,10,1,58842,10,1,,,
C.30.32.003d,,2500 ft^2 Units,,5075,10,1,39725,10,1,81725,10,1,,,
C.30.32.004a,,250 ft^2 Units,,507.5,10,1,3972.5,10,1,8172.5,10,1,,,
C.30.32.004b,,600 ft^2 Units,,1218,10,1,9534,10,1,19614,10,1,,,
C.30.32.004c,,1800 ft^2 Units,,3654,10,1,28602,10,1,58842,10,1,,,
C.30.32.004d,,2500 ft^2 Units,,5075,10,1,39725,10,1,81725,10,1,,,
C.30.34.001,Independent pendant lighting,Each,,1.61,10,5,,,,,,,,,
C.30.34.002,,Each,,693,10,5,,,,,,,,,
D.10.14.011,Elevators,Each,,6160,10,5,26180,10,5,32340,10,5,22400,10,5
D.10.14.012,,Each,,6160,10,5,26180,10,5,32340,10,5,22400,10,5
D.10.14.021,,Each,,1120,10,5,11480,10,5,12600,10,5,16800,10,5
D.10.14.022,,Each,,1120,10,5,11480,10,5,12600,10,5,16800,10,5
D.20.21.011a,Various pipes,Each (1000 ft pipe),,58,4,1,530,4,1,,,,,,
D.20.21.011b,,Each (1000 ft pipe),,76,4,1,760,4,1,,,,,,
D.20.21.012a,,Each (1000 ft pipe),,58,4,1,530,4,1,,,,,,
D.20.21.012b,,Each (1000 ft pipe),,76,4,1,760,4,1,,,,,,
D.20.21.013a,,Each (1000 ft pipe),,58,10,3,530,10,3,,,,,,
D.20.21.013b,,Each (1000 ft pipe),,76,10,3,,,,,,,,,
D.20.21.014a,,Each (1000 ft pipe),,58,10,3,530,10,3,,,,,,
D.20.21.014b,,Each (1000 ft pipe),,76,10,3,,,,,,,,,
D.20.21.021a,,Each (1000 ft pipe),,490,10,5,4690,10,5,,,,,,
D.20.21.022a,,Each (1000 ft pipe),,490,10,5,4690,10,5,,,,,,
D.20.21.023a,,Each (1000 ft pipe),,490,10,5,4690,10,5,,,,,,
D.20.21.023b,,Each (1000 ft pipe),,490,10,5,490,10,5,,,,,,
D.20.21.024a,,Each (1000 ft pipe),,490,10,5,4690,10,5,,,,,,
D.20.21.024b,,Each (1000 ft pipe),,490,10,5,490,10,5,,,,,,
D.20.22.011a,,Each (1000 ft pipe),,58,4,1,530,4,1,,,,,,
D.20.22.011b,,Each (1000 ft pipe),,76,4,1,760,4,1,,,,,,
D.20.22.012a,,Each (1000 ft pipe),,58,4,1,530,4,1,,,,,,
D.20.22.012b,,Each (1000 ft pipe),,76,4,1,760,4,1,,,,,,
D.20.22.013a,,Each (1000 ft pipe),,58,10,3,530,10,3,,,,,,
D.20.22.013b,,Each (1000 ft pipe),,76,10,3,,,,,,,,,
D.20.22.014a,,Each (1000 ft pipe),,58,10,3,530,10,3,,,,,,
D.20.22.014b,,Each (1000 ft pipe),,76,10,3,,,,,,,,,
D.20.22.021a,,Each (1000 ft pipe),,490,10,5,4690,10,5,,,,,,
D.20.22.022a,,Each (1000 ft pipe),,490,10,5,4690,10,5,,,,,,
D.20.22.023a,,Each (1000 ft pipe),,490,10,5,4690,10,5,,,,,,
D.20.22.023b,,Each (1000 ft pipe),,490,10,5,490,10,5,,,,,,
D.20.22.024a,,Each (1000 ft pipe),,490,10,5,4690,10,5,,,,,,
D.20.22.024b,,Each (1000 ft pipe),,490,10,5,490,10,5,,,,,,
D.20.31.011b,,Each (1000 ft pipe),,560,10,5,3990,10,5,,,,,,
D.20.31.012b,,Each (1000 ft pipe),,560,10,5,3990,10,5,,,,,,
D.20.31.013b,,Each (1000 ft pipe),,560,10,5,,,,,,,,,
D.20.31.014b,,Each (1000 ft pipe),,560,10,5,,,,,,,,,
D.20.31.021a,,Each (1000 ft pipe),,4690,10,5,,,,,,,,,
D.20.31.021b,,Each (1000 ft pipe),,560,10,5,6090,10,5,,,,,,
D.20.31.022a,,Each (1000 ft pipe),,4690,10,5,,,,,,,,,
D.20.31.022b,,Each (1000 ft pipe),,560,10,5,6090,10,5,,,,,,
D.20.31.023a,,Each (1000 ft pipe),,4690,10,5,,,,,,,,,
D.20.31.023b,,Each (1000 ft pipe),,560,10,5,,,,,,,,,
D.20.31.024a,,Each (1000 ft pipe),,4690,10,5,,,,,,,,,
D.20.31.024b,,Each (1000 ft pipe),,560,10,5,,,,,,,,,
D.20.51.011a,,Each (1000 ft pipe),,58,10,5,530,10,5,,,,,,
D.20.51.011b,,Each (1000 ft pipe),,76,10,5,760,10,5,,,,,,
D.20.51.012a,,Each (1000 ft pipe),,58,10,5,530,10,5,,,,,,
D.20.51.012b,,Each (1000 ft pipe),,76,10,5,760,10,5,,,,,,
D.20.51.013a,,Each (1000 ft pipe),,58,10,5,530,10,5,,,,,,
D.20.51.013b,,Each (1000 ft pipe),,76,10,5,,,,,,,,,
D.20.51.014a,,Each (1000 ft pipe),,58,10,5,530,10,5,,,,,,
D.20.51.014b,,Each (1000 ft pipe),,76,10,5,,,,,,,,,
D.20.51.021a,,Each (1000 ft pipe),,490,10,5,4690,10,5,,,,,,
D.20.51.021b,,Each (1000 ft pipe),,490,10,5,,,,,,,,,
D.20.51.022a,,Each (1000 ft pipe),,490,10,5,4690,10,5,,,,,,
D.20.51.023a,,Each (1000 ft pipe),,490,10,5,4690,10,5,,,,,,
D.20.51.023b,,Each (1000 ft pipe),,490,10,5,490,10,5,,,,,,
D.20.51.024a,,Each (1000 ft pipe),,490,10,5,4690,10,5,,,,,,
D.20.51.024b,,Each (1000 ft pipe),,490,10,5,490,10,5,,,,,,
D.20.61.011a,,Each (1000 ft pipe),,58,10,5,530,10,5,,,,,,
D.20.61.011b,,Each (1000 ft pipe),,76,10,5,760,10,5,,,,,,
D.20.61.012a,,Each (1000 ft pipe),,58,10,5,530,10,5,,,,,,
D.20.61.012b,,Each (1000 ft pipe),,76,10,5,760,10,5,,,,,,
D.20.61.013a,,Each (1000 ft pipe),,58,10,5,530,10,5,,,,,,
D.20.61.013b,,Each (1000 ft pipe),,76,10,5,,,,,,,,,
D.20.61.014a,,Each (1000 ft pipe),,58,10,5,530,10,5,,,,,,
D.20.61.014b,,Each (1000 ft pipe),,76,10,5,,,,,,,,,
D.20.61.021a,,Each (1000 ft pipe),,490,10,5,4690,10,5,,,,,,
D.20.61.022a,,Each (1000 ft pipe),,490,10,5,4690,10,5,,,,,,
D.20.61.023a,,Each (1000 ft pipe),,490,10,5,4690,10,5,,,,,,
D.20.61.023b,,Each (1000 ft pipe),,490,10,5,490,10,5,,,,,,
D.20.61.024a,,Each (1000 ft pipe),,490,10,5,4690,10,5,,,,,,
D.20.61.024b,,Each (1000 ft pipe),,490,10,5,490,10,5,,,,,,
D.30.31.011a,Chiller,Each,,9240,5,1,,,,,,,,,
D.30.31.011b,,Each,,30600,5,1,,,,,,,,,
D.30.31.011c,,Each,,51040,5,1,,,,,,,,,
D.30.31.011d,,Each,,86200,5,1,,,,,,,,,
D.30.31.012a,,Each,,1400,5,1,66080,5,1,,,,,,
D.30.31.012b,,Each,,9240,5,1,,,,,,,,,
D.30.31.012c,,Each,,200,5,1,9440,5,1,9440,5,1,,,
D.30.31.012d,,Each,,2100,5,1,216300,5,1,,,,,,
D.30.31.012e,,Each,,30600,5,1,,,,,,,,,
D.30.31.012f,,Each,,300,5,1,30900,5,1,30900,5,1,,,
D.30.31.012g,,Each,,3080,5,1,360360,5,1,,,,,,
D.30.31.012h,,Each,,51040,5,1,,,,,,,,,
D.30.31.012i,,Each,,440,5,1,51480,5,1,51480,5,1,,,
D.30.31.012j,,Each,,3360,5,1,606760,5,1,,,,,,
D.30.31.012k,,Each,,86200,5,1,,,,,,,,,
D.30.31.012l,,Each,,480,5,1,86680,5,1,86680,5,1,,,
D.30.31.013a,,Each,,200,5,1,9440,5,1,,,,,,
D.30.31.013b,,Each,,9240,5,1,,,,,,,,,
D.30.31.013c,,Each,,200,5,1,9440,5,1,9440,5,1,,,
D.30.31.013d,,Each,,300,5,1,30900,5,1,,,,,,
D.30.31.013e,,Each,,30600,5,1,,,,,,,,,
D.30.31.013f,,Each,,300,5,1,30900,5,1,30900,5,1,,,
D.30.31.013g,,Each,,440,5,1,51480,5,1,,,,,,
D.30.31.013h,,Each,,51040,5,1,,,,,,,,,
D.30.31.013i,,Each,,440,5,1,51480,5,1,51480,5,1,,,
D.30.31.013j,,Each,,480,5,1,86680,5,1,,,,,,
D.30.31.013k,,Each,,86200,5,1,,,,,,,,,
D.30.31.013l,,Each,,480,5,1,86680,5,1,86680,5,1,,,
D.30.31.021a,Cooling Tower,Each,,4740,5,1,,,,,,,,,
D.30.31.021b,,Each,,15600,5,1,,,,,,,,,
D.30.31.021c,,Each,,26040,5,1,,,,,,,,,
D.30.31.021d,,Each,,43700,5,1,,,,,,,,,
D.30.31.022a,,Each,,200,5,1,4940,5,1,,,,,,
D.30.31.022b,,Each,,4740,5,1,,,,,,,,,
D.30.31.022c,,Each,,200,5,1,4940,5,1,4740,5,1,,,
D.30.31.022d,,Each,,300,5,1,15900,5,1,,,,,,
D.30.31.022e,,Each,,15600,5,1,,,,,,,,,
D.30.31.022f,,Each,,300,5,1,15900,5,1,15600,5,1,,,
D.30.31.022g,,Each,,440,5,1,26480,5,1,,,,,,
D.30.31.022h,,Each,,26040,5,1,,,,,,,,,
D.30.31.022i,,Each,,440,5,1,26480,5,1,26040,5,1,,,
D.30.31.022j,,Each,,480,5,1,44180,5,1,,,,,,
D.30.31.022k,,Each,,43700,5,1,,,,,,,,,
D.30.31.022l,,Each,,480,5,1,44180,5,1,43700,5,1,,,
D.30.31.023a,,Each,,200,5,1,4940,5,1,,,,,,
D.30.31.023b,,Each,,4740,5,1,,,,,,,,,
D.30.31.023c,,Each,,200,5,1,4940,5,1,4740,5,1,,,
D.30.31.023d,,Each,,300,5,1,15900,5,1,,,,,,
D.30.31.023e,,Each,,15600,5,1,,,,,,,,,
D.30.31.023f,,Each,,300,5,1,15900,5,1,15600,5,1,,,
D.30.31.023g,,Each,,440,5,1,26480,5,1,,,,,,
D.30.31.023h,,Each,,26040,5,1,,,,,,,,,
D.30.31.023i,,Each,,440,5,1,26480,5,1,26040,5,1,,,
D.30.31.023j,,Each,,480,5,1,44180,5,1,,,,,,
D.30.31.023k,,Each,,43700,5,1,,,,,,,,,
D.30.31.023l,,Each,,480,5,1,44180,5,1,43700,5,1,,,
D.30.32.011a,Compressor,Each,,150,5,1,540,5,1,,,,,,
D.30.32.011b,,Each,,600,5,1,1600,5,1,,,,,,
D.30.32.011c,,Each,,180,5,1,1640,5,1,,,,,,
D.30.32.011d,,Each,,800,5,1,6000,5,1,,,,,,
D.30.32.012a,,Each,,90,5,1,630,5,1,,,,,,
D.30.32.012b,,Each,,150,5,1,540,5,1,,,,,,
D.30.32.012c,,Each,,90,5,1,630,5,1,150,5,1,630,5,1
D.30.32.012d,,Each,,170,5,1,1770,5,1,,,,,,
D.30.32.012e,,Each,,600,5,1,1600,5,1,,,,,,
D.30.32.012f,,Each,,170,5,1,1770,5,1,600,5,1,1770,5,1
D.30.32.012g,,Each,,90,5,1,1730,5,1,,,,,,
D.30.32.012h,,Each,,180,5,1,1640,5,1,,,,,,
D.30.32.012i,,Each,,90,5,1,1730,5,1,180,5,1,1730,5,1
D.30.32.012j,,Each,,170,5,1,6170,5,1,,,,,,
D.30.32.012k,,Each,,800,5,1,6000,5,1,,,,,,
D.30.32.012l,,Each,,170,5,1,6170,5,1,800,5,1,6170,5,1
D.30.32.013a,,Each,,90,5,1,630,5,1,,,,,,
D.30.32.013b,,Each,,150,5,1,540,5,1,,,,,,
D.30.32.013c,,Each,,90,5,1,630,5,1,150,5,1,630,5,1
D.30.32.013d,,Each,,170,5,1,1770,5,1,,,,,,
D.30.32.013e,,Each,,600,5,1,1600,5,1,,,,,,
D.30.32.013f,,Each,,170,5,1,1770,5,1,600,5,1,1770,5,1
D.30.32.013g,,Each,,90,5,1,1730,5,1,,,,,,
D.30.32.013h,,Each,,180,5,1,1640,5,1,,,,,,
D.30.32.013i,,Each,,90,5,1,1730,5,1,180,5,1,1730,5,1
D.30.32.013j,,Each,,170,5,1,6170,5,1,,,,,,
D.30.32.013k,,Each,,800,5,1,6000,5,1,,,,,,
D.30.32.013l,,Each,,170,5,1,6170,5,1,800,5,1,6170,5,1
D.30.41.001a,HVAC Fan in Line Fan,10 Units,,1400,5,1,5400,5,1,,,,,,
D.30.41.001b,,10 Units,,1400,5,1,5400,5,1,,,,,,
D.30.41.001c,,10 Units,,1400,5,1,5400,5,1,,,,,,
D.30.41.001d,,10 Units,,1400,5,1,5400,5,1,,,,,,
D.30.41.002a,,10 Units,,1400,5,1,,,,,,,,,
D.30.41.002b,,10 Units,,1400,5,1,,,,,,,,,
D.30.41.002c,,10 Units,,1400,5,1,,,,,,,,,
D.30.41.002d,,10 Units,,1400,5,1,,,,,,,,,
D.30.41.011a,HVAC Ducting,Each (1000 ft duct),,130,5,1,1270,5,1,,,,,,
D.30.41.011b,,Each (1000 ft duct),,130,5,1,1270,5,1,,,,,,
D.30.41.011c,,Each (1000 ft duct),,130,5,1,1270,5,1,,,,,,
D.30.41.011d,,Each (1000 ft duct),,130,5,1,1270,5,1,,,,,,
D.30.41.012a,,Each (1000 ft duct),,190,5,1,1590,5,1,,,,,,
D.30.41.012b,,Each (1000 ft duct),,190,5,1,1590,5,1,,,,,,
D.30.41.012c,,Each (1000 ft duct),,190,5,1,1590,5,1,,,,,,
D.30.41.012d,,Each (1000 ft duct),,190,5,1,1590,5,1,,,,,,
D.30.41.021a,,Each (1000 ft duct),,250,5,1,3190,5,1,,,,,,
D.30.41.021b,,Each (1000 ft duct),,250,5,1,3190,5,1,,,,,,
D.30.41.021c,,Each (1000 ft duct),,250,5,1,3190,5,1,,,,,,
D.30.41.021d,,Each (1000 ft duct),,250,5,1,3190,5,1,,,,,,
D.30.41.022a,,Each (1000 ft duct),,390,5,1,4290,5,1,,,,,,
D.30.41.022b,,Each (1000 ft duct),,390,5,1,4290,5,1,,,,,,
D.30.41.022c,,Each (1000 ft duct),,390,5,1,4290,5,1,,,,,,
D.30.41.022d,,Each (1000 ft duct),,390,5,1,4290,5,1,,,,,,
D.30.41.031a,HVAC Drops / Diffusers,10 Units,,600,5,1,,,,,,,,,
D.30.41.031b,,10 Units,,600,5,1,,,,,,,,,
D.30.41.032a,,10 Units,,600,5,1,,,,,,,,,
D.30.41.032b,,10 Units,,600,5,1,,,,,,,,,
D.30.41.032c,,10 Units,,600,5,1,,,,,,,,,
D.30.41.032d,,10 Units,,600,5,1,,,,,,,,,
D.30.41.041a,Variable Air Volume box,10 Units,,3000,5,1,,,,,,,,,
D.30.41.041b,,10 Units,,3000,5,1,,,,,,,,,
D.30.41.101a,HVAC Fan in Line Fan,Each,,530,5,1,,,,,,,,,
D.30.41.102a,,Each,,140,5,1,670,5,1,,,,,,
D.30.41.102b,,Each,,530,5,1,,,,,,,,,
D.30.41.102c,,Each,,140,5,1,670,5,1,530,5,1,,,
D.30.41.103a,,Each,,140,5,1,670,5,1,,,,,,
D.30.41.103b,,Each,,530,5,1,,,,,,,,,
D.30.41.103c,,Each,,140,5,1,670,5,1,530,5,1,,,
D.30.52.011a,Air Handling Unit,Each,,200,5,1,5840,5,1,,,,,,
D.30.52.011b,,Each,,300,5,1,11800,5,1,,,,,,
D.30.52.011c,,Each,,400,5,1,25040,5,1,,,,,,
D.30.52.011d,,Each,,400,5,1,37200,5,1,,,,,,
D.30.52.013a,,Each,,200,5,1,6040,5,1,,,,,,
D.30.52.013b,,Each,,200,5,1,5840,5,1,,,,,,
D.30.52.013c,,Each,,200,5,1,6040,5,1,200,5,1,5840,5,1
D.30.52.013d,,Each,,300,5,1,12100,5,1,,,,,,
D.30.52.013e,,Each,,300,5,1,11800,5,1,,,,,,
D.30.52.013f,,Each,,300,5,1,12100,5,1,300,5,1,11800,5,1
D.30.52.013g,,Each,,440,5,1,25480,5,1,,,,,,
D.30.52.013h,,Each,,400,5,1,25040,5,1,,,,,,
D.30.52.013i,,Each,,440,5,1,25480,5,1,400,5,1,25040,5,1
D.30.52.013j,,Each,,480,5,1,37680,5,1,,,,,,
D.30.52.013k,,Each,,400,5,1,37200,5,1,,,,,,
D.30.52.013l,,Each,,480,5,1,37680,5,1,400,5,1,37200,5,1
D.30.67.011a,Control panel,Each,,830,5,1,,,,,,,,,
D.30.67.012a,,Each,,100,5,1,930,5,1,,,,,,
D.30.67.012b,,Each,,830,5,1,,,,,,,,,
D.30.67.012c,,Each,,100,5,1,930,5,1,830,5,1,,,
D.40.11.021a,Fire sprinkler - water piping,Each (1000 ft pipe),,70,10,3,530,10,3,,,,,,
D.40.11.022a,,Each (1000 ft pipe),,70,10,3,530,10,3,,,,,,
D.40.11.023a,,Each (1000 ft pipe),,70,10,3,530,10,3,,,,,,
D.40.11.024a,,Each (1000 ft pipe),,70,10,3,530,10,3,,,,,,
D.40.11.031a,Fire sprinkler Drop,100 Units,,100,5,2,100,5,2,,,,,,
D.40.11.032a,,100 Units,,100,5,2,100,5,2,,,,,,
D.40.11.033a,,100 Units,,100,5,2,,,,,,,,,
D.40.11.034a,,100 Units,,100,5,2,,,,,,,,,
D.40.11.041a,,100 Units,,100,5,2,100,5,2,,,,,,
D.40.11.042a,,100 Units,,100,5,2,100,5,2,,,,,,
D.40.11.053a,,100 Units,,100,5,2,100,5,2,,,,,,
D.40.11.054a,,100 Units,,100,5,2,100,5,2,,,,,,
D.40.11.063a,,100 Units,,100,5,2,100,5,2,,,,,,
D.40.11.064a,,100 Units,,100,5,2,100,5,2,,,,,,
D.40.11.071a,,100 Units,,100,5,2,100,5,2,,,,,,
D.40.11.072a,,100 Units,,100,5,2,100,5,2,,,,,,
D.40.11.073a,,100 Units,,100,5,2,100,5,2,,,,,,
D.40.11.074a,,100 Units,,100,5,2,100,5,2,,,,,,
D.50.11.011a,Transformer,Each,,1515,5,1,,,,,,,,,
D.50.11.011b,,Each,,4850,5,1,,,,,,,,,
D.50.11.011c,,Each,,8540,5,1,,,,,,,,,
D.50.11.011d,,Each,,11400,5,1,,,,,,,,,
D.50.11.013a,,Each,,200,5,1,1715,5,1,,,,,,
D.50.11.013b,,Each,,1515,5,1,,,,,,,,,
D.50.11.013c,,Each,,200,5,1,1715,5,1,1515,5,1,,,
D.50.11.013d,,Each,,300,5,1,5150,5,1,,,,,,
D.50.11.013e,,Each,,4850,5,1,,,,,,,,,
D.50.11.013f,,Each,,300,5,1,5150,5,1,4850,5,1,,,
D.50.11.013g,,Each,,440,5,1,8980,5,1,,,,,,
D.50.11.013h,,Each,,8540,5,1,,,,,,,,,
D.50.11.013i,,Each,,440,5,1,8980,5,1,8540,5,1,,,
D.50.11.013j,,Each,,480,5,1,11880,5,1,,,,,,
D.50.11.013k,,Each,,11400,5,1,,,,,,,,,
D.50.11.013l,,Each,,480,5,1,11880,5,1,11400,5,1,,,
D.50.12.013a,Motor Control Center,Each,,830,5,1,,,,,,,,,
D.50.12.013b,,Each,,100,5,1,930,5,1,,,,,,
D.50.12.013c,,Each,,830,5,1,,,,,,,,,
D.50.12.013d,,Each,,100,5,1,930,5,1,830,5,1,,,
D.50.12.021a,Low Voltage Switchgear,Each,,1855,5,1,,,,,,,,,
D.50.12.021b,,Each,,3460,5,1,,,,,,,,,
D.50.12.021c,,Each,,5920,5,1,,,,,,,,,
D.50.12.021d,,Each,,10280,5,1,,,,,,,,,
D.50.12.023a,,Each,,100,5,1,1955,5,1,,,,,,
D.50.12.023b,,Each,,1855,5,1,,,,,,,,,
D.50.12.023c,,Each,,100,5,1,1955,5,1,1855,5,1,,,
D.50.12.023d,,Each,,160,5,1,3620,5,1,,,,,,
D.50.12.023e,,Each,,3460,5,1,,,,,,,,,
D.50.12.023f,,Each,,160,5,1,3620,5,1,3460,5,1,,,
D.50.12.023g,,Each,,240,5,1,6160,5,1,,,,,,
D.50.12.023h,,Each,,5920,5,1,,,,,,,,,
D.50.12.023i,,Each,,240,5,1,6160,5,1,5920,5,1,,,
D.50.12.023j,,Each,,240,5,1,10520,5,1,,,,,,
D.50.12.023k,,Each,,10280,5,1,,,,,,,,,
D.50.12.023l,,Each,,240,5,1,10520,5,1,10280,5,1,,,
D.50.12.031a,Distribution Panel,Each,,3710,5,1,,,,,,,,,
D.50.12.031b,,Each,,6920,5,1,,,,,,,,,
D.50.12.031c,,Each,,11840,5,1,,,,,,,,,
D.50.12.031d,,Each,,20560,5,1,,,,,,,,,
D.50.12.033a,,Each,,200,5,1,3910,5,1,,,,,,
D.50.12.033b,,Each,,3710,5,1,,,,,,,,,
D.50.12.033c,,Each,,200,5,1,3910,5,1,3710,5,1,,,
D.50.12.033d,,Each,,320,5,1,7240,5,1,,,,,,
D.50.12.033e,,Each,,6920,5,1,,,,,,,,,
D.50.12.033f,,Each,,320,5,1,7240,5,1,6920,5,1,,,
D.50.12.033g,,Each,,480,5,1,12320,5,1,,,,,,
D.50.12.033h,,Each,,11840,5,1,,,,,,,,,
D.50.12.033i,,Each,,480,5,1,12320,5,1,11840,5,1,,,
D.50.12.033j,,Each,,480,5,1,21040,5,1,,,,,,
D.50.12.033k,,Each,,20560,5,1,,,,,,,,,
D.50.12.033l,,Each,,480,5,1,21040,5,1,20560,5,1,,,
D.50.92.011a,Battery Rack,Each,,4800,5,1,300,5,1,5100,5,1,1260,5,1
D.50.92.013a,,Each,,400,5,1,6460,5,1,,,,,,
D.50.92.013b,,Each,,4800,5,1,300,5,1,5100,5,1,1260,5,1
D.50.92.013c,,Each,,400,5,1,6460,5,1,4800,5,1,5100,5,1
D.50.92.021a,Battery Charger,Each,,320,5,1,4860,5,1,,,,,,
D.50.92.023a,,Each,,140,5,1,2570,5,1,,,,,,
D.50.92.023b,,Each,,320,5,1,4860,5,1,,,,,,
D.50.92.023c,,Each,,280,5,1,5140,5,1,4860,5,1,4860,5,1
D.50.92.031a,Diesel Generator,Each,,40,5,1,1250,5,1,200,5,1,200,5,1
D.50.92.031b,,Each,,80,5,1,2500,5,1,320,5,1,320,5,1
D.50.92.031c,,Each,,180,5,1,4000,5,1,480,5,1,480,5,1
D.50.92.031d,,Each,,600,5,1,4000,5,1,480,5,1,480,5,1
D.50.92.032a,,Each,,400,5,1,40880,5,1,,,,,,
D.50.92.032b,,Each,,40,5,1,1250,5,1,200,5,1,200,5,1
D.50.92.032c,,Each,,400,5,1,40880,5,1,80,5,1,1000,5,1
D.50.92.032d,,Each,,300,5,1,102250,5,1,,,,,,
D.50.92.032e,,Each,,80,5,1,2500,5,1,320,5,1,320,5,1
D.50.92.032f,,Each,,600,5,1,81800,5,1,160,5,1,2000,5,1
D.50.92.032g,,Each,,440,5,1,191200,5,1,,,,,,
D.50.92.032h,,Each,,180,5,1,4000,5,1,480,5,1,480,5,1
D.50.92.032i,,Each,,880,5,1,152960,5,1,360,5,1,3200,5,1
D.50.92.032j,,Each,,480,5,1,285450,5,1,,,,,,
D.50.92.032k,,Each,,600,5,1,4000,5,1,480,5,1,480,5,1
D.50.92.032l,,Each,,960,5,1,228360,5,1,600,5,1,4000,5,1
D.50.92.033a,,Each,,400,5,1,40880,5,1,,,,,,
D.50.92.033b,,Each,,80,5,1,1000,5,1,200,5,1,200,5,1
D.50.92.033c,,Each,,400,5,1,20440,5,1,40,5,1,500,5,1
D.50.92.033d,,Each,,600,5,1,81800,5,1,,,,,,
D.50.92.033e,,Each,,200,5,1,2500,5,1,320,5,1,320,5,1
D.50.92.033f,,Each,,300,5,1,40900,5,1,80,5,1,1000,5,1
D.50.92.033g,,Each,,880,5,1,152960,5,1,,,,,,
D.50.92.033h,,Each,,450,5,1,4000,5,1,480,5,1,480,5,1
D.50.92.033i,,Each,,440,5,1,76480,5,1,180,5,1,1600,5,1
D.50.92.033j,,Each,,960,5,1,228360,5,1,,,,,,
D.50.92.033k,,Each,,600,5,1,2000,5,1,240,5,1,240,5,1
D.50.92.033l,,Each,,960,5,1,228360,5,1,600,5,1,4000,5,1
F.10.12.001,Storage Racks,LF50,,4340,260,26,26110,260,26,,,,,,
